Workbook

Sheet Instruktioner
B2: Boule Score Tracker
B3: Setup-guide för din egen Google Sheet + Apps Script-webhook
B5: Så här använder du den här mallen
B7: 1. Ladda upp den här .xlsx-filen till din Google Drive. 2. Högerklicka på filen → "Öppna med" → "Google Kalkylark". 3. I Google Kalkylark: "Arkiv" → "Spara som Google Sheets" — du får en riktig Google-mall som är kopplad till ditt konto. 4. Radera .xlsx-filen om du vill, den behövs inte längre. 5. Följ stegen nedan för att koppla den till Boule-appen.
B10: Steg 1 — Öppna Apps Script
B12: I ditt nya Google Sheet: Menyn "Tillägg" → "Apps Script" (på engelska: Extensions → Apps Script). Ett nytt Apps Script-projekt öppnas med en fil som heter Code.gs. Radera allt innehåll i Code.gs.
B15: Steg 2 — Klistra in koden
B17: Öppna fliken "Apps Script-kod" i detta kalkylblad och kopiera ALL kod därifrån. Klistra in i Code.gs. Klicka spara-ikonen (eller Ctrl/Cmd+S) och döp projektet till "Boule webhook".
B20: Steg 3 — Deploy som webbapp
B22: 1. I Apps Script: klicka "Deploy" (uppe till höger) → "New deployment". 2. Klicka kugghjulet intill "Select type" → välj "Web app". 3. Fyll i: • Description: Boule webhook v1 • Execute as: Me (din Google-adress) • Who has access: Anyone ← VIKTIGT, annars går det inte att posta 4. Klicka "Deploy". 5. Första gången frågar Google om behörigheter: • "Authorize access" → välj ditt konto • "Advanced" → "Go to Boule webhook (unsafe)" → "Allow" (det är ditt eget skript — "unsafe" betyder bara att Google inte granskat det) 6. Kopiera "Web app URL" — den ser ut som: https://script.google.com/macros/s/AKfyc.../exec
B25: Steg 4 — Koppla Boule-appen
B27: 1. Öppna appen: https://gitgeniusx.github.io/boule-scores/ 2. Klicka kugghjulet (inställningar) uppe till höger. 3. Metod: "Egen webhook-URL (t.ex. Google Apps Script)" 4. Webhook-URL: klistra in URL:en från steg 3. 5. Sätt gärna en standardplats (t.ex. "Sexdrega gräsmatta"). 6. Bocka i "Använd telefonens plats (GPS) vid sparning" om du vill ha koordinater. 7. Klicka Spara.
... B42: • "HTTP 401" eller matchen sparas inte: Deploy-inställningen "Who has access" är inte satt till "Anyone". Gör om Steg 3. • Raden dyker inte upp: kolla att du är i rätt Sheet — skriptet skriver till det Sheet det skapades i. Titta efter ett ark som heter "Matcher". • CORS-fel i konsolen: normalt. Appen skickar med no-cors när URL är Apps Script. Raden skrivs ändå. • Ingen GPS: kräver HTTPS + tillstånd i telefonen. Fungerar på appens live-URL. • Platsen är tom i Sheet: GPS-timeout eller tillstånd nekat. Använd standardplats-fältet i appens inställningar som fallback.

Sheet Apps Script-kod
B2: Apps Script-kod
B3: Markera cellen nedan, kopiera (Ctrl/Cmd+C) och klistra in i Code.gs i Apps Script. Radera det befintliga innehållet i Code.gs först.
B5: /** * Boule Score Tracker — Google Sheets webhook * Tar emot POST-JSON från Boule-appen och sparar en rad per match. */ const SHEET_NAME = 'Matcher'; const HEADERS = [ 'Sparad', 'Startade', 'Slutade', 'Tidszon', 'Plats', 'Latitud', 'Longitud', 'GPS-noggrannhet (m)', 'Mål', 'Lag 1', 'Poäng 1', 'Lag 2', 'Poäng 2', 'Vinnare', 'Antal omgångar', 'Omgångar (JSON)', ]; function doPost(e) { try { const raw = e && e.postData && e.postData.contents; if (!raw) throw new Error('Tom request body'); const data = JSON.parse(raw); const sheet = getOrCreateSheet_(); const row = [ data.savedAt || new Date().toISOString(), data.startedAt || '', data.endedAt || '', data.timezone || '', data.place || '', data.location ? data.location.lat : '', data.location ? data.location.lng : '', data.location ? data.location.accuracy : '', data.target || '', (data.teams && data.teams[0] && data.teams[0].name) || '', (data.teams && data.teams[0] && data.teams[0].score) || 0, (data.teams && data.teams[1] && data.teams[1].name) || '', (data.teams && data.teams[1] && data.teams[1].score) || 0, data.winner || '', (data.rounds && data.rounds.length) || 0, JSON.stringify(data.rounds || []), ]; sheet.appendRow(row); return json_({ ok: true, row: sheet.getLastRow() }); } catch (err) { return json_({ ok: false, error: String(err) }); } } function doGet() { return json_({ ok: true, service: 'Boule webhook', usage: 'POST JSON från Boule-appen till denna URL', }); } function getOrCreateSheet_() { const ss = SpreadsheetApp.getActiveSpreadsheet(); let sheet = ss.getSheetByName(SHEET_NAME); if (!sheet) sheet = ss.insertSheet(SHEET_NAME); if (sheet.getLastRow() === 0) { sheet.appendRow(HEADERS); sheet.getRange(1, 1, 1, HEADERS.length).setFontWeight('bold'); sheet.setFrozenRows(1); } return sheet; } function json_(obj) { return ContentService.createTextOutput(JSON.stringify(obj)).setMimeType( ContentService.MimeType.JSON, ); }

Sheet Matcher
A1: Sparad | B1: Startade | C1: Slutade | D1: Tidszon | E1: Plats | F1: Latitud | G1: Longitud | H1: GPS-noggrannhet (m) | I1: Mål | J1: Lag 1 | K1: Poäng 1 | L1: Lag 2 | M1: Poäng 2 | N1: Vinnare | O1: Antal omgångar | P1: Omgångar (JSON)
A2: 2026-04-18T20:15:30.000Z | B2: 2026-04-18T19:45:12.000Z | C2: 2026-04-18T20:15:28.000Z | D2: Europe/Stockholm | E2: Sexdrega gräsmatta | F2: 57.82015 | G2: 13.19043 | H2: 15 | I2: 13 | J2: Tjejerna | K2: 13 | L2: Killarna | M2: 9 | N2: Tjejerna | O2: 11 | P2: [{"n":1,"team":"Tjejerna","points":2,"tally":[2,0]}, …]
A4: Raden ovan är bara ett exempel — du kan radera den. När Apps Script-webhooken är igång kommer varje avslutad match i appen skapa en ny rad här.

Sheet Sammanfattning
B2: Sammanfattning
B3: Automatiskt uppdaterad när nya matcher sparas i "Matcher"-fliken.
B5: Totalt spelade matcher | C5: =COUNTA(Matcher!N:N)-1 -> 1
B6: Tjejernas segrar | C6: =COUNTIF(Matcher!N:N,"Tjejerna") -> 1
B7: Killarnas segrar | C7: =COUNTIF(Matcher!N:N,"Killarna") -> 0
B8: Snitt omgångar per match | C8: =IFERROR(AVERAGE(Matcher!O2:O1000),0) -> 11
B10: Per lag
B11: Lag | C11: Segrar | D11: Totala poäng gjorda | E11: Senast spelad
B12: Tjejerna | C12: =COUNTIF(Matcher!N:N,B12) -> 1 | D12: =SUMIF(Matcher!J:J,B12,Matcher!K:K)+SUMIF(Matcher!L:L,B12,Matcher!M:M) -> 13 | E12: =IFERROR(maxifs(Matcher!C:C,Matcher!N:N,B12),"—") -> —
B13: Killarna | C13: =COUNTIF(Matcher!N:N,B13) -> 0 | D13: =SUMIF(Matcher!J:J,B13,Matcher!K:K)+SUMIF(Matcher!L:L,B13,Matcher!M:M) -> 9 | E13: =IFERROR(maxifs(Matcher!C:C,Matcher!N:N,B13),"—") -> —
B15: Senaste 5 matcher
B16: Datum | C16: Lag 1 | D16: Poäng | E16: Lag 2 | F16: Vinnare
B17: =IFERROR(INDEX(Matcher!C:C,COUNTA(Matcher!A:A)-1-0+1),"—") -> 0 | C17: =IFERROR(INDEX(Matcher!J:J,COUNTA(Matcher!A:A)-1-0+1),"—") -> 0 | D17: =IFERROR(INDEX(Matcher!K:K,COUNTA(Matcher!A:A)-1-0+1)&" – "&INDEX(Matcher!M:M,COUNTA(Matcher!A:A)-1-0+1),"—") -> – | E17: =IFERROR(INDEX(Matcher!L:L,COUNTA(Matcher!A:A)-1-0+1),"—") -> 0 | F17: =IFERROR(INDEX(Matcher!N:N,COUNTA(Matcher!A:A)-1-0+1),"—") -> 0
B18: =IFERROR(INDEX(Matcher!C:C,COUNTA(Matcher!A:A)-1-1+1),"—") -> 2026-04-18T20:15:28.000Z | C18: =IFERROR(INDEX(Matcher!J:J,COUNTA(Matcher!A:A)-1-1+1),"—") -> Tjejerna | D18: =IFERROR(INDEX(Matcher!K:K,COUNTA(Matcher!A:A)-1-1+1)&" – "&INDEX(Matcher!M:M,COUNTA(Matcher!A:A)-1-1+1),"—") -> 13 – 9 | E18: =IFERROR(INDEX(Matcher!L:L,COUNTA(Matcher!A:A)-1-1+1),"—") -> Killarna | F18: =IFERROR(INDEX(Matcher!N:N,COUNTA(Matcher!A:A)-1-1+1),"—") -> Tjejerna
B19: =IFERROR(INDEX(Matcher!C:C,COUNTA(Matcher!A:A)-1-2+1),"—") -> Slutade | C19: =IFERROR(INDEX(Matcher!J:J,COUNTA(Matcher!A:A)-1-2+1),"—") -> Lag 1 | D19: =IFERROR(INDEX(Matcher!K:K,COUNTA(Matcher!A:A)-1-2+1)&" – "&INDEX(Matcher!M:M,COUNTA(Matcher!A:A)-1-2+1),"—") -> Poäng 1 – Poäng 2 | E19: =IFERROR(INDEX(Matcher!L:L,COUNTA(Matcher!A:A)-1-2+1),"—") -> Lag 2 | F19: =IFERROR(INDEX(Matcher!N:N,COUNTA(Matcher!A:A)-1-2+1),"—") -> Vinnare
B20: =IFERROR(INDEX(Matcher!C:C,COUNTA(Matcher!A:A)-1-3+1),"—") -> 0 | C20: =IFERROR(INDEX(Matcher!J:J,COUNTA(Matcher!A:A)-1-3+1),"—") -> 0 | D20: =IFERROR(INDEX(Matcher!K:K,COUNTA(Matcher!A:A)-1-3+1)&" – "&INDEX(Matcher!M:M,COUNTA(Matcher!A:A)-1-3+1),"—") -> – | E20: =IFERROR(INDEX(Matcher!L:L,COUNTA(Matcher!A:A)-1-3+1),"—") -> 0 | F20: =IFERROR(INDEX(Matcher!N:N,COUNTA(Matcher!A:A)-1-3+1),"—") -> 0
B21: =IFERROR(INDEX(Matcher!C:C,COUNTA(Matcher!A:A)-1-4+1),"—") -> — | C21: =IFERROR(INDEX(Matcher!J:J,COUNTA(Matcher!A:A)-1-4+1),"—") -> — | D21: =IFERROR(INDEX(Matcher!K:K,COUNTA(Matcher!A:A)-1-4+1)&" – "&INDEX(Matcher!M:M,COUNTA(Matcher!A:A)-1-4+1),"—") -> — | E21: =IFERROR(INDEX(Matcher!L:L,COUNTA(Matcher!A:A)-1-4+1),"—") -> — | F21: =IFERROR(INDEX(Matcher!N:N,COUNTA(Matcher!A:A)-1-4+1),"—") -> —
B24: Tips: ändra lagnamnen i cell B12 och B13 om ni döper om lagen i appen — formlerna uppdateras automatiskt.
